id,text,label,label_id,pred_label_name,pred_label_id
1,法規名稱：大量解僱勞工時禁止事業單位代表人及實際負責人出國處理辦法,終止與解僱,4,終止與解僱,4
6,1   依本辦法禁止出國之事業單位代表人如下：,其他,1,其他,1
12,六、其他法人團體者為其代表人。,其他,1,其他,1
13,七、非法人團體者為其代表人或管理人。,其他,1,其他,1
14,2   前項事業單位代表人以公司登記證明文件、商業登記證明文件、法院或主管機關備查文書所記載,其他,1,其他,1
18,1   事業單位於大量解僱勞工而積欠勞工退休金、資遣費或工資達本法第十二條第一項所定之標準，,終止與解僱,4,終止與解僱,4
23,一、代表人及實際負責人之姓名、性別、年齡、職業、出生年月日及住所或居所（外國住所或居,其他,1,其他,1
25,二、代表人及實際負責人為外國人者，其外文姓名、性別、出生年月日、國籍、護照號碼。,其他,1,其他,1
28,1   中央主管機關為審核禁止事業單位代表人及實際負責人出國案件，應成立審查會，置委員十三,其他,1,其他,1
61,事業單位代表人及實際負責人經禁止出國者，於有本法第十六條之情形時，中央主管機關應即請,其他,1,其他,1
64,1   事業單位代表人及實際負責人於有本法第十二條第一項之情形時，中央主管機關得先請入出國管,其他,1,其他,1
1,法規名稱：育嬰留職停薪實施辦法,假別,0,假別,0
20,育嬰留職停薪期間，受僱者欲終止勞動契約者，應依各相關法令之規定辦理。,終止與解僱,4,終止與解僱,4
24,受僱者於育嬰留職停薪期間，不得與他人另訂勞動契約。,契約與聘僱關係,2,終止與解僱,4
3,【工資】,薪資,6,薪資,6
4,Q：什麼是工資？加班費、業績獎金、年終獎金是工資嗎？,薪資,6,薪資,6
5,A：所謂「工資」，係指勞工因工作獲得之經常性給與；一般而言，須具備以下兩要件：,薪資,6,薪資,6
8,（如勞動契約、工作規則、團體協約或企業內習慣），雇主有向勞工給付的義務時，即屬,契約與聘僱關係,2,契約與聘僱關係,2
11,試舉常見的工資名目加以說明：,薪資,6,薪資,6
12,1.加班費：延長工時工資為勞工因工作所獲得之報酬，事業單位與勞工訂立之勞動契約或公,薪資,6,薪資,6
17,亦訂有支付標準（根據績效達成率發放）及期限（每月發放），屬工資。,薪資,6,薪資,6
18,3.年終獎金：年終獎金的發放義務若明訂於個別勞動契約或公開揭示的工作規則，並有約定,薪資,6,薪資,6
20,務對價相關，自屬工資。,薪資,6,薪資,6
22,A：所謂日薪制係指按「日」計薪，即依勞工與雇主約定之每日工資按「實際工作日數」計算,薪資,6,薪資,6
23,（未含法定休假日工資）；月薪制即指按「月」計薪，依勞雇雙方約定之每月工資按「月」給,薪資,6,薪資,6
24,付（含休息日、例假日及法定休假日工資）。如勞雇雙方約定的計薪方式，係以「當月日曆,薪資,6,薪資,6
25,天數(如大月31 日或小月30 日)」計算，因薪資有包含休息日、例假日及法定休假日工資，,薪資,6,薪資,6
27,Q：月薪制勞工平日每小時工資額如何計算？,薪資,6,薪資,6
30,Q：證照津貼是否應納入平均每小時工資額？,薪資,6,薪資,6
33,第3款規定：「工資：謂勞工因工作而獲得之報酬；包括,薪資,6,薪資,6
34,工資、薪金及按計時、計日、計月、計件以現金或實物等方式給付之獎金、津貼及其他任,薪資,6,薪資,6
35,何名義之經常性給與均屬之。」按目前司法實務對於「工資」之見解，係以該工資給付之,薪資,6,薪資,6
39,屬工資；惟若該項獎金若為每月定額發給，發放條件具有制度經常性者（即基於勞動契,薪資,6,薪資,6
43,認係工資之一部，於核算平日每小時工資額時，應納入工資總額計算。,薪資,6,薪資,6
44,Q：平均工資如何計算？,薪資,6,薪資,6
45,A：所謂「平均工資」，係指計算事由發生之當日前6 個月內所得工資總額除以該期間之總日數,薪資,6,薪資,6
46,所得金額（俗稱日平均工資）（勞動基準法第2 條第4 款前段規定參照）。,薪資,6,薪資,6
47,Q：工資折半發給或不發給期間於辦理資遣或退休時，是否應列入平均工資計算？,薪資,6,薪資,6
48,A：計算平均工資時，下列各款期日或期間均不計入：,薪資,6,薪資,6
51,3.依本法第五十條第二項減半發給工資者(即工作年資未滿6 個月，休半薪產假之勞工)。,薪資,6,假別,0
54,6.依性別平等工作法請生理假、產假、家庭照顧假或安胎休養，致減少工資者。,薪資,6,假別,0
56,Q：國外出差費是否列入平均工資之計算基礎？,薪資,6,薪資,6
57,A：國外出差費是否列入平均工資之計算基礎，應視國外出差費之性質而定，如國外出差費係屬,薪資,6,薪資,6
58,差旅費、差旅津貼或交際費，因不具備勞務對價性，非屬工資，得不列入計算平均工資（勞,薪資,6,薪資,6
60,Q：按時計酬（或按日計酬）之部分工時勞工，如例假及休息日未出勤，雇主是否應另外加給休,薪資,6,薪資,6
61,息日工資？,薪資,6,薪資,6
63,1. 勞動基準法並未排除按時計酬者適用休息日工資照給之規定。基本工資審議委員會在審,薪資,6,薪資,6
64,議每小時基本工資時，已考量部分工時工作之特性，將例假日及休息日應獲得之工資，,薪資,6,薪資,6
65,納入計算；易言之，按時計酬者享有例假及休息日照給工資之權利，該工資已分別折算,薪資,6,薪資,6
66,到「每小時基本工資」中。,薪資,6,薪資,6
67,2. 按時計酬者，勞資雙方如以不低於183 元約定每小時工資額(114 年1 月1 日起不得低於,薪資,6,薪資,6
68,190 元)，其實就已經給付了勞動基準法第39 條所定例假日及休息日照給之工資，遇到例,薪資,6,薪資,6
69,假或休息日未出勤，毋須再行加給。,薪資,6,假別,0
70,3. 至於按日計酬約定之日薪，於法定正常工作時間內，如不低於每小時基本工資數額乘以,薪資,6,薪資,6
88,所稱基本工資，係指勞工在法定正常工作時間所得之報酬，目前月平均法,薪資,6,薪資,6
91,常工作時間如超出法定正常工時者，基本工資應按所增加的工作時間比例遞增；另延長,薪資,6,薪資,6
92,工時工資則依勞基法,薪資,6,薪資,6
95,"自113年1月1日起，每月基本工資數額調整至27,470元。以約定按月計酬、每月正常工",薪資,6,薪資,6
97,"時)為例，基本工資為35,025元【27,470+(27,470/30/8)*(240小時-174小時）】，延長",薪資,6,薪資,6
98,"工時工資應為3,663元（27,470/30/8)*4/3*24小時）。",薪資,6,薪資,6
99,113 年適用勞基法84 條之1 保全員基本工資試算表,薪資,6,薪資,6
118,工資(註,薪資,6,薪資,6
201,註1：勞基法第35 條規定：「勞工繼續工作4 小時，至少應有30 分鐘休息」，因此本表係,工時,3,工時,3
206,"註4：以現行法定基本工資2 萬7,470 元為基準，平日每小時工資額為114.4583 元，即2",薪資,6,薪資,6
210,註6：最低基本工資=基本工資+(正常工時時數-月平均工時)*平日每小時工資額，以正常,薪資,6,薪資,6
211,"工時時數240 小時為例，最低基本工資為2 萬7,470 元+(240-174)*114.4583 元=3",薪資,6,薪資,6
214,113 年適用勞基法84 條之1 保全員基本工資試算表,薪資,6,薪資,6
234,本工資,薪資,6,薪資,6
237,時工資,薪資,6,薪資,6
361,註1：勞基法第35 條規定：「勞工繼續工作4 小時，至少應有30 分鐘休息」，因此本表係,工時,3,工時,3
366,國定假日，該國定假日仍應計入工作日數，且工資照給。當月日曆數扣除例假、免,薪資,6,薪資,6
372,"註5：以現行法定基本工資2 萬7,470 元為基準，平日每小時工資額為114.4583 元，即2",薪資,6,薪資,6
376,註7：最低基本工資=基本工資+(正常工時時數-月平均工時)*平日每小時工資額，以正常,薪資,6,薪資,6
377,"工時時數240 小時為例，最低基本工資為2 萬7,470 元+(240-174)*114.4583 元=3",薪資,6,薪資,6
379,113 年適用勞基法84 條之1 保全員基本工資試算表,薪資,6,薪資,6
398,工資(註,薪資,6,薪資,6
482,35 條規定：「勞工繼續工作4 小時，至少應有30 分鐘休息」；本表例假/免出勤日數,工時,3,工時,3
486,"註4：以現行法定基本工資2 萬7,470 元為基準，平日每小時工資額為114.4583 元，即2",薪資,6,薪資,6
491,註6：最低基本工資=基本工資+(正常工時時數-月平均工時)*平日每小時工資額，以正常,薪資,6,薪資,6
492,"工時時數240 小時為例，最低基本工資為2 萬7,470 元+(240-174)*114.4583 元=3",薪資,6,薪資,6
495,113 年適用勞基法84 條之1 保全員基本工資試算表,薪資,6,薪資,6
515,本工資,薪資,6,薪資,6
518,時工資,薪資,6,薪資,6
641,35 條規定：「勞工繼續工作4 小時，至少應有30 分鐘休息」；休假日係指勞基法第,工時,3,假別,0
646,國定假日，該國定假日仍應計入工作日數，且工資照給。當月日曆數扣除例假、免,薪資,6,薪資,6
651,"註5：以現行法定基本工資2 萬7,470 元為基準，平日每小時工資額為114.4583 元，即2",薪資,6,薪資,6
655,註7：最低基本工資=基本工資+(正常工時時數-月平均工時)*平日每小時工資額，以正常,薪資,6,薪資,6
656,"工時時數240 小時為例，最低基本工資為2 萬7,470 元+(240-174)*114.4583 元=3",薪資,6,薪資,6
659,Q：勞動基準法第23 條第1 項規定，雇主應提供工資各項目計算方式明細，目的為何?「工資各,薪資,6,薪資,6
672,不得視為缺勤而影響其全勤獎金、考績或為其他不利之處分；請求生理假、產假、陪產檢及陪,假別,0,假別,0
692,影響其全勤獎金、考績或為其他不利之處分。按育嬰留職停薪係勞動契約暫時中止履行的狀,薪資,6,薪資,6
702,此，雇主如欲變更勞工的工資金額或計薪方式等，因涉及勞動契約之變更，應經勞資雙方合,薪資,6,薪資,6
708,1.勞工離職時履行交接之義務屬勞動契約之附隨義務，如勞工未依規定辦理離職交接手續，,契約與聘僱關係,2,契約與聘僱關係,2
716,A：依勞動基準法施行細則第9 條規定：「依本法終止勞動契約時，雇主應即結清工資給付勞,終止與解僱,4,薪資,6
728,A：扣薪對勞工權益影響甚鉅，依現行司法實務見解，雇主對勞工基於勞動契約所約定債務(即,契約與聘僱關係,2,契約與聘僱關係,2
735,A：依現行司法實務見解，雇主對勞工基於勞動契約所約定債務(即勞務提供)的不履行，得與勞,契約與聘僱關係,2,契約與聘僱關係,2
748,得不經預告，依勞動基準法第14 條第5 款、第6 款規定，向雇主請求終止勞動契約及給付,終止與解僱,4,終止與解僱,4
749,資遣費。但如以勞動基準法第14 條第6 款規定終止勞動契約需於知悉其情形之日起，30 日,終止與解僱,4,終止與解僱,4
751,Q：實施減班休息(俗稱無薪假)的程序為何？薪資應如何給付？,薪資,6,假別,0
756,主給付勞工之工資，應依勞動契約之約定發給，並不得低於基本工資。雇主若受景氣因,薪資,6,薪資,6
759,基本工資。」基上，雇主如欲實施減班休息，應取得勞工同意，且減班休息實施的對象,薪資,6,薪資,6
761,2. 另針對減班休息是否可扣全勤獎金一節，如勞雇雙方約定該獎金係以勞工當月未請事、,薪資,6,薪資,6
762,病假或遲到而發給，因實施減班休息非屬可歸責於勞工之事由，亦與事、病假不相當，,假別,0,假別,0
763,雇主不得因此扣發全勤獎金。至勞雇雙方基於實施減班休息，如合意按縮減工時比例減,薪資,6,薪資,6
769,之1規定意旨，勞工每日工作時間超過8小時或每週工作總時,工時,3,工時,3
771,所定休息日工作之時間，均為延長工時，不以整數計,工時,3,工時,3
789,所定休息日工作，工作時間在2小時以內者，按平日每小時工資額另,薪資,6,薪資,6
796,出自雇主的要求，當然亦須取得雇主的同意。基此，原則上雇主無於契約約定外受領勞工純,契約與聘僱關係,2,契約與聘僱關係,2
812,卡所記載的時間，減去勞雇雙方約定的工作時間及休息時間後，即可認定為延長工作時,工時,3,工時,3
814,時，並無法認定雇主有違反勞動基準法情事，仍應審酌勞雇間的勞動契約、雇主公開揭示,契約與聘僱關係,2,契約與聘僱關係,2
818,Q：下班時間或休息日接聽主管電話或接收line簡訊是否算加班?,工時,3,工時,3
820,間。勞工如僅係單純於下班時間或休息日接聽長官電話或line簡訊，並不一定屬工作時間。,工時,3,工時,3
826,逾8小時、單週工時逾40小時，或使勞工於休息日工作），即應依勞基法,工時,3,工時,3
834,1.值班係指勞工應事業單位要求，於工作時間以外，從事非勞動契約約定之工作，如收轉急,契約與聘僱關係,2,契約與聘僱關係,2
840,3.至於勞工於正常工作時間外從事勞動契約約定之工作本即屬延長工時，應依勞動基準法第,工時,3,工時,3
858,A：雇主使勞工於工作日工時逾8 小時或休息日出勤，即屬延長工時，勞工延長工時「後」，如,工時,3,工時,3
870,A：有關補休部分，雇主應依勞工延長工作時間或休息日工作事實「發生時間先後順序補休」,假別,0,假別,0
881,第2項之特別休假約定年度（如：週年制、曆年制、教學單位之學年度、事業單位,假別,0,假別,0
892,Q：勞工同意選擇補休替代受領加班費，如於補休期限屆滿或契約終止時，未結清之補休時數應,終止與解僱,4,終止與解僱,4
894,A：勞工如於補休期限屆期或契約終止仍有未補休之時數，雇主應依延長工作時間或休息日工作,假別,0,假別,0
897,定之工資給付日發給或於補休期限屆期後30 日內發給；如係契約終止，依同法施行細則第9,終止與解僱,4,終止與解僱,4
899,Q：勞工於休息日加班之工時及加班費，應如何計算?,薪資,6,薪資,6
900,A：針對休息日加班費計算部分，採核實計算加班時數，但加班費率是不變的。舉例來說，勞工,薪資,6,薪資,6
902,150元)，如休息日加班3小時，加班費計算如下：,薪資,6,薪資,6
903,休息日加班3小時，以3小時計，加班費為前2小時150 X 4/3 X2為400元，加上後1小時150 X,薪資,6,薪資,6
905,Q：勞工於休息日出勤如何計給加班費？勞工於國定假日出勤如何計給薪資？勞工於休息日出勤,薪資,6,薪資,6
908,1.針對按月計酬勞工，因雇主所給的月薪(即正常工時工資)已含休息日8小時工資（即8小時,薪資,6,薪資,6
909,*30日），故雇主如經勞工同意使其於休息日出勤，前8小時的加班費應再按勞工平日每小,薪資,6,薪資,6
911,第2項規定參照)；至勞工於休息日出勤逾8小,工時,3,工時,3
920,第3項規定，勞工於休息日出勤之時間，須全數計入勞基法,工時,3,工時,3
937,定之補休期限而定（如：1個月、3個月、6個月等）。另勞雇雙方約定特別休假期間末日之,假別,0,假別,0
942,Q：休息時間的執行方式？,工時,3,工時,3
945,規定:「勞工繼續工作4小時，至少應有30分鐘之休息。但實行輪班制,工時,3,工時,3
946,或其工作有連續性或緊急性者，雇主得在工作時間內，另行調配其休息時間。」,工時,3,工時,3
948,約定先休息30分鐘後方得申請及計算延長工時時數一節，考量4小時工作應有30分鐘休,工時,3,工時,3
950,提下，雇主如要求單日正常工時8小時結束後，須實際休息30分鐘，始同意及認列勞工延,工時,3,工時,3
952,3.至所謂勞工繼續工作4小時，至少應有30分鐘休息之強制規定，其意非指休息時間必定安,工時,3,工時,3
953,排在工作時間滿4小時「後」實施，一般係指4.5小時內應有30分鐘的休息即可。,工時,3,工時,3
968,補償(如出差費、日支費等)，屬契約自由範疇，原則上不受勞動基法相關規範管制【行政院,契約與聘僱關係,2,契約與聘僱關係,2
986,動契約對勞工工作時間的安排。,契約與聘僱關係,2,契約與聘僱關係,2
1006,Q：勞工於休息日出勤的時數是否計入單月加班總時數？,工時,3,工時,3
1007,A：依據勞基法第36 條第3 項規定，勞工於休息日出勤之時間，須全數計入勞基法第32 條第2,工時,3,工時,3
1101,的必要，得依性別平等工作法向雇主請家庭照顧假。(此類請假日數併入事假計算，雇主可,假別,0,假別,0
1118,民間企業之停止上班依據，應依照勞動基準法或民法規定，回歸勞動契約的原則辦理。,契約與聘僱關係,2,終止與解僱,4
1123,契約向雇主提供勞務(如勞工工作地、居住地或正常上(下)班必經途中任一轄區首長已通告,契約與聘僱關係,2,契約與聘僱關係,2
1127,不能依勞動契約向雇主提供勞務，亦非可歸責於雇主的事由，勞工如因此未能提供勞務，,契約與聘僱關係,2,契約與聘僱關係,2
1134,A：依職業安全衛生設施規則,職場安全與性別平等,5,職場安全與性別平等,5
1136,天從事外勤作業，有危害勞工之虞者，應視作業危害性，置備適當救生衣、安全帽、連絡通,職場安全與性別平等,5,職場安全與性別平等,5
1137,訊設備與其他必要之安全防護設施及交通工具。若雇主違反上述規定者，則依職業安全衛生,職場安全與性別平等,5,職場安全與性別平等,5
1147,Q：雇主可否要求勞工於休息日/例假日(當日為颱風天)出勤?,工時,3,工時,3
1149,給外，是否加給工資，可由事業單位斟酌辦理。惟若屬正常工作時間外之休息日或例假日出,薪資,6,薪資,6
1151,1.針對休息日出勤部分（依實際出勤工時核實計算），應按勞工工資總額核算其平日每小,薪資,6,薪資,6
1153,倍，第3個小時起加班費另加給1又2/3倍，休息日出勤第9個小時起加班費另加給2又2/3,薪資,6,薪資,6
1160,時，除當日工資應加倍發給外，亦應於事後另給予勞工補假休息﹝勞動部106年7月28日,薪資,6,薪資,6
1163,1.勞工同意於休息日出勤，該日發生颱風侵襲，已出勤時段之工資及工時，仍應依勞基法第24,薪資,6,薪資,6
1166,2.雇主因颱風使勞工於休息日出勤，出勤工資應依勞基法,薪資,6,薪資,6
1172,【特別休假】,假別,0,假別,0
1177,左列規定給予特別休假：,假別,0,假別,0
1186,即有給予特別休假之義務，惟如勞雇協商約定內容優於勞基法，從其規定。,假別,0,假別,0
1192,2.採曆年制計給勞工特別休假時，為避免滋生勞資爭議，應特別注意以下兩點：,假別,0,假別,0
1193,(1)於勞動契約或公開揭示的工作規則載明特別休假的計算方式。,假別,0,假別,0
1194,(2)於契約終止時，雇主須依勞工到職日計算其應休的特休日數，將依曆年制計算所得日數,終止與解僱,4,終止與解僱,4
1197,Q：勞工的特別休假於年度終結仍未休畢，是否一律須按日折發工資？倘經勞雇雙方協商遞延到,假別,0,假別,0
1198,次一年度實施，於次一年度終結或契約終止仍未休畢，針對仍未休的日數，雇主如何計給工資?,終止與解僱,4,薪資,6
1199,遞延之特別休假何時開始實施?遞延之補休期限是否有限制?,假別,0,假別,0
1202,第1項規定所應享有之特別休假（以下簡稱特休）日數，勞資雙方得,假別,0,假別,0
1204,者，為取得特別休假權利後6個月之期間）、曆年制（即每年1月1日至12月31日）、教學,假別,0,假別,0
1212,之1第3項規定參照)；如遞延實施的特休於次一年度終結或契約終止時仍,終止與解僱,4,終止與解僱,4
1218,如於年度終結前發生契約終止情事，對於特休應休未休的折發工資，雇主應於契約終止,終止與解僱,4,終止與解僱,4
1220,4.至1日工資的計算方式，原則上以年度終結或契約終止前1日之正常工作時間所得之工資計,終止與解僱,4,薪資,6
1237,施特休，則A於次一年度(107年10月1日至108年9月30日止)共有14日特別休假，且應優先,假別,0,假別,0
1238,請休經遞延之4日特別休假。若經遞延之4日特別休假至108年9月30日止，仍有2日未休,假別,0,假別,0
1241,乙、特休於契約終止時未休畢：Ａ向雇主預告於106年5月1日自請離職．其當年度特休未休,終止與解僱,4,終止與解僱,4
1243,Q：雇主依曆年制(即1月1日至12月31日)給勞工特別休假，如對未滿一定工作年資的勞工預先給,假別,0,假別,0
1245,A：雇主針對勞工特別休假，依曆年制分段或預先給假，並無不可【內政部（前勞政中央主管機,假別,0,假別,0
1249,取得個別勞工之同意。雇主可透過書面契約與勞工約定，或由以工作規則加以規範，藉由踐,契約與聘僱關係,2,契約與聘僱關係,2
1251,Q：特別休假最小之請假單位?,假別,0,假別,0
1254,休假，原則上以日為計算單位，關於建議『公營事業機構勞工特別休假時間准以小時計算』,假別,0,假別,0
1257,Q：雇主可否透過工作規則限制勞工將特別休假排定於週五或週一等休息日或例假日前後的天,工時,3,假別,0
1260,第2項特別休假應由勞工排定之規範意旨，依同法,假別,0,假別,0
1262,定，應屬無效，不能拘束個別勞工。惟雇主對於勞工將特別休假排定於週五或週一等休息日,工時,3,假別,0
1264,Q：雇主對於具有特別休假權利之勞工，可否要求勞工請假應優先請休特別休假？,假別,0,假別,0
1266,A：在未影響約定工資、全勤獎金發放的前提下，雇主要求勞工應優先請休特別休假，如有不,假別,0,假別,0
1268,雖有事、病假事由，必須出自其意願請休特別休假，如個別勞工不同意改請特休，雇主不可,假別,0,假別,0
1270,第2項特別休假應由勞工排定之規定；換言,假別,0,假別,0
1274,A：勞基法有關特別休假的規範，目的在使勞工休假，不在使勞工受領折發工資。因此，公司在,假別,0,假別,0
1275,不違反特別休假由勞工排定實施的原則下，透過績效、經營管理手段督促個別勞工於到職日,假別,0,假別,0
1276,年度終結前將特別休假休畢，並未違反法令規範意旨。,假別,0,假別,0
1277,Q：公司實施排休制(即將例假、休息日及法定休假日混合調配於每月實施)，勞工可否主張特定,工時,3,工時,3
1279,A：若雇主事先透過勞動契約取得個別勞工同意須按雇主排班方式休假出勤，原則上勞工即有按,工時,3,假別,0
1283,Q：針對部分工時勞工要如何計給特別休假？,假別,0,假別,0
1286,所定特別休假日數,假別,0,假別,0
1288,日數與該事業單位之全時勞工相同，僅每日工作時數較短者，仍應依勞動基準法,工時,3,工時,3
1291,Q：勞工退休後再聘僱，應該怎麼計算特別休假天數？,假別,0,假別,0
1300,2.雇主如依前開規定辦理勞工退休事宜，則雇主與退休之勞工之間的勞動契約關係終止。若,終止與解僱,4,終止與解僱,4
1301,雇主重新僱用該名退休勞工，雙方為新的勞動契約關係，其工作年資重新計算，特別休假,假別,0,假別,0
1308,應視勞工遲到之事由而定，如勞工係因私人因素致有遲到情事，得以事假方式辦理，惟該公,假別,0,假別,0
1312,Q：事前已請特別休假，遇有颱風無須出勤時，因應作法？,假別,0,假別,0
1314,時，勞工預先請妥之特別休假，得由勞資雙方自行協商是否扣除。若事業單位未比照公務機,假別,0,假別,0
1315,關停止上班而須照常上班時，勞工預先請妥之特別休假則不扣除。,假別,0,假別,0
1316,Q：勞工每年特別休假之期日及未休之日數所發給之工資數額，是否必須記載於「工資各項目計,薪資,6,假別,0
1319,第5項規定，雇主應將勞工每年特別休假之期日及未休之日數所發給之,假別,0,假別,0
1323,時取得及得列印之資料為之。因此，雇主依法應將勞工特別休假之期日及未休假之日數所發,假別,0,假別,0
1326,【例假、休息日】,工時,3,工時,3
1328,A：所謂一例一休，係指雇主僱用勞工從事工作，每7日給予勞工有1日例假及1日休息日。新修,工時,3,工時,3
1330,第1項規定，勞工每7日應有2日之休息，其中1日為例假（該日如非因同法第40,工時,3,工時,3
1332,勤），另1日則正式定名為〝休息日〞（該日如雇主基於業務需求，經徵得勞工同意可使勞,工時,3,工時,3
1337,規定：勞工每7日中應有2日之休息，其中1日為例假，1日為休息日。,工時,3,工時,3
1341,例假及休息日至少應有4日。,工時,3,工時,3
1344,例假及休息日至少應有16日。,工時,3,工時,3
1347,假及休息日至少應有8日。,工時,3,工時,3
1383,52*2(一例一休)+12天法定休假日=116天)，尚不包含特別休假；至加班補休部分，因僅得於,假別,0,假別,0
1400,別勞工勞動契約之變更，仍應徵得個別勞工同意後，始得為之。,契約與聘僱關係,2,契約與聘僱關係,2
1405,（如尚涉及個別勞工勞動契約之變更，仍應徵得個別勞工同意）。,契約與聘僱關係,2,契約與聘僱關係,2
1408,議同意後即可（如尚涉及個別勞工勞動契約之變更，仍應徵得個別勞工同意）。,契約與聘僱關係,2,契約與聘僱關係,2
1420,之工作日不得連續逾6日，因此勞工於原約定工作日即便有加班補休、請休特別休假、公,假別,0,假別,0
1967,不得要求勞工以特別休假或其他假別抵扣；反之若有新進員工於2 月8 日之後到職，則2 月,假別,0,假別,0
2066,Q：事假規定為何？,假別,0,假別,0
2068,規定：勞工因有事故必須親自處理者，得請事假，1年內合計不得超過,假別,0,假別,0
2069,14日。事假期間不給工資,假別,0,假別,0
2088,3.勞工普通傷病假超過前述規定之期限，經以事假或特別休假抵充後仍未痊癒，得予留職停,假別,0,假別,0
2141,參照)】、事假及特別休假者，依相關規定辦理。,假別,0,假別,0
2164,Q：安胎假可否以事假或留職停薪方式辦理？,假別,0,假別,0
2166,超過1年，尚不得以事假或留職停薪方式辦理；倘於安胎休養病假期間生產者，雇主應依規,假別,0,假別,0
2177,以勞工請病假或事假為例，不論日數長短或假別，雇主要求勞工均須提出相關證明文件，,假別,0,假別,0
2181,另勞工請生理假，參酌性別平等工作法施行細則,假別,0,假別,0
2182,規定意旨(已排除生理假)，應無須,假別,0,假別,0
2185,雇主若要求勞工請事假須於3日前提出申請，如勞工確有緊急事故致無法於3日前請假，在,假別,0,假別,0
2191,Q：請事假1個月公司須給付工資？,假別,0,假別,0
2193,規定，勞工因有事故必須親自處理者，得請事假，1年內合計不得超過,假別,0,假別,0
2194,14日，雇主針對勞工事假期間可不給工資，惟勞工事假期間如遇例假、紀念日、勞動節日及,假別,0,假別,0
2203,請未住院普通傷病假30日或事假14日。上述規定所稱「1年內」，係指勞工在事業單位該年,假別,0,假別,0
2208,事假14日。,假別,0,假別,0
2216,間。雇主如將上述召集當作事假處理，進而扣薪，已違反勞動基準法,假別,0,假別,0
2224,Q：勞工健康檢查是否可請公假？,假別,0,假別,0
2225,A：依「職業安全衛生法」,職場安全與性別平等,5,職場安全與性別平等,5
2226,規定，雇主對在職勞工應施行健康檢查，且勞工有接受之義,職場安全與性別平等,5,職場安全與性別平等,5
2232,Q：婚假規定為何？,假別,0,假別,0
2234,規定：勞工結婚者給予婚假8日，工資照給。,假別,0,假別,0
2237,2.婚假應自結婚之日前10日起3個月內請畢。但經雇主同意者，得於1年內請畢。,假別,0,假別,0
2239,Q：請婚假須踐行何程序及婚假是否有次數之限制？,假別,0,假別,0
2244,規定：「勞工結婚者給予婚假八,假別,0,假別,0
2245,日，工資照給。」勞工之婚假可自結婚之日前10日起3個月內請休，但經雇主同意者，得於1,假別,0,假別,0
2246,年內請畢(勞動部104年10月7日發布勞動3字第1040130270號令釋參照)。有關婚假是否有次,假別,0,假別,0
2248,旨，勞工離婚後再婚，既有結婚之事實，雇主即應依規定給予婚假。,假別,0,假別,0
2254,2.次查，勞工事假、普通傷病假、婚假及喪假期間，除延長假期在1個月以上者外，如遇例,假別,0,假別,0
2265,Q：喪假規定為何?,假別,0,假別,0
2267,規定：1.父母、養父母、繼父母、配偶喪亡者，給予喪假8日，工資照,假別,0,假別,0
2268,給。2.祖父母、外祖父母、子女、配偶之父母、配偶之養父母或繼父母喪亡者，給予喪假6,假別,0,假別,0
2269,日，工資照給。3.曾祖父母、兄弟姊妹、配偶之祖父母、配偶之外祖父母喪亡者，給予喪假,假別,0,假別,0
2271,※註 ：1.喪假不含例假日、國定假日,假別,0,假別,0
2272,2.假如是父與母同時死亡，喪假分開計算共16日。,假別,0,假別,0
2277,6.喪假如因禮俗原因，得申請分次給假，至喪假請假期限，法無明訂，由勞雇雙方協商,假別,0,假別,0
2294,第02276號函釋，勞工因事業單位違反勞動基準法或勞工安全衛生法等法令，經司法機關傳喚,職場安全與性別平等,5,職場安全與性別平等,5
2304,1.勞工事假、婚假、喪假期間，如遇例假、紀念日、勞動節日及其他由中央主管機關規定應,假別,0,假別,0
2306,2.勞工事假、普通傷病假、婚假、喪假期間，除延長假期在1個月以上者外，如遇例假、紀,假別,0,假別,0
2314,第2項規定，特別休假期日，由勞工排定之。據此，勞工參加職工福利委員會,假別,0,假別,0
2316,時，因勞工未於工作日提供勞務，雇主針對該工作日可不發給工資(效果如同勞工請事假)；,假別,0,假別,0
2317,至公司如徵得個別勞工同意，以特別休假抵充活動期間的工作日，勞工亦有取得該工作日的,假別,0,假別,0
2319,Q：公司得否以工作規則要求遲到勞工請事假或加班補休方式處理？,假別,0,假別,0
2323,規定參照）。公司工作規則針對勞工遲到要求勞工請事假或加班補,假別,0,假別,0
2330,【資遣、資遣費】,終止與解僱,4,終止與解僱,4
2331,Q：雇主資遣勞工之要件？,終止與解僱,4,終止與解僱,4
2333,A：有關資遣之定義詳述在勞動基準法內，指雇主依照該法,終止與解僱,4,終止與解僱,4
2336,(如改組或轉讓，未經留用)規定，終止,終止與解僱,4,終止與解僱,4
2337,勞動契約之行為，至於可歸責於勞工本身事由而終止僱傭契約(如同法,終止與解僱,4,終止與解僱,4
2338,)，不屬資遣範,終止與解僱,4,終止與解僱,4
2340,Q：適用勞動基準法前之年資如何計給資遣費？,終止與解僱,4,終止與解僱,4
2343,資遣費及退休金給與標準，依其當時應適用之法令規定計算；當時無法令可資適用者‧依各,終止與解僱,4,終止與解僱,4
2344,該事業單位自訂之規定或勞雇雙方之協商計算之。適用本法後之工作年資，其資遣費及退休,終止與解僱,4,終止與解僱,4
2350,Q：資遣費計算方式？,終止與解僱,4,終止與解僱,4
2351,A：資遣費計算公式,終止與解僱,4,終止與解僱,4
2352,資遣費給與標準如下：,終止與解僱,4,終止與解僱,4
2354,（一）每繼續工作滿1年，發給1個月平均工資之資遣費。,終止與解僱,4,終止與解僱,4
2358,"舊制資遣費為：30,000元×{3+［（6＋1）÷ 12 ］}＝30,000元 × （3又7/12） ≒",終止與解僱,4,終止與解僱,4
2361,（一）適用新制後之工作年資，每滿1年發給0.5個月平均工資之資遣費，未滿1年者，以比,終止與解僱,4,終止與解僱,4
2366,"新制資遣費為：30,000元×1/2×{3+［（6＋15/30）÷ 12 ］}＝30,000元× (1又37/48)",終止與解僱,4,終止與解僱,4
2369,行政院勞動部→舊制資遣費 https://www.mol.gov.tw/topic/3078/25331/25619/,終止與解僱,4,終止與解僱,4
2370,行政院勞動部→新制資遣費 https://www.mol.gov.tw/topic/3078/25331/25621/,終止與解僱,4,終止與解僱,4
2371,Q：計算資遣費及退休金時的基數?,終止與解僱,4,終止與解僱,4
2378,任原職員，請問原負責人A是否需給予原本的員工資遣費?,終止與解僱,4,終止與解僱,4
2383,規定期間預告終止契約，並應依,終止與解僱,4,終止與解僱,4
2384,規定發給勞工資遣費。,終止與解僱,4,終止與解僱,4
2388,司型態組織者，且僅為負責人（即代表人）變更登記，即非屬上述所稱「事業單位改組或轉,其他,1,其他,1
2391,用原雇用之勞工，除勞工因個人因素不願留任外，原有雇主仍應依法預告終止契約或支付預,終止與解僱,4,終止與解僱,4
2392,告期間工資，並依規定發給勞工退休金或資遣費(勞動基準法,終止與解僱,4,終止與解僱,4
2398,Q：如勞資雙方訂立定期性契約，勞工遭資遣有無資遣費？,終止與解僱,4,終止與解僱,4
2399,A：需視勞雇雙方所訂之定期契約是否符合勞動基準法,契約與聘僱關係,2,契約與聘僱關係,2
2403,不定期契約，縱契約名稱為定期契約或契約期間約定為一年一聘，因非合法之定期契約，仍,契約與聘僱關係,2,契約與聘僱關係,2
2404,應依法發給資遣費。若定期契約尚未到期，雇主以勞動基準法,終止與解僱,4,終止與解僱,4
2406,但書規定終止,終止與解僱,4,終止與解僱,4
2407,勞動契約， 雇主仍須付資遣費。,終止與解僱,4,終止與解僱,4
2408,Q：勞雇雙方所簽訂自願拋棄退休、資遣費請求權的有效性？,終止與解僱,4,終止與解僱,4
2411,拋棄退休金、資遣費請求權，已違反民法第2章及第6章規定自屬無效。,終止與解僱,4,終止與解僱,4
2412,Q：勞工退休金條例實施後，資遣費縮水的疑義？,終止與解僱,4,終止與解僱,4
2413,A：沒有縮水。 選擇勞退舊制者︰資遣費給付標準不變，仍為1年1個月的平均工資。且領資遣,終止與解僱,4,終止與解僱,4
2414,費的人不可能領到退休金；領得到退休金的人，不能領資遣費。而勞工退休金條例實施後，,終止與解僱,4,終止與解僱,4
2415,資遣，除可拿到資遣費，還有雇主之前每月提繳的6%退休金在勞保局的勞退帳戶中。,終止與解僱,4,終止與解僱,4
2416,Q：對於符合退休條件的勞工(但勞工尚未提出退休申請)的資遣疑義？,終止與解僱,4,終止與解僱,4
2418,之規定預告勞工終止勞動契約，其中已符退休規定者，應依下,終止與解僱,4,終止與解僱,4
2421,自請退休要件之勞工，雇主應依法給予退休金，不得以資遣方,終止與解僱,4,終止與解僱,4
2424,強制退休要件之勞工，雇主應依法予以強制退休，不得以資遣,終止與解僱,4,終止與解僱,4
2426,Q：資遣和解僱規定？,終止與解僱,4,終止與解僱,4
2428,◎資遣和解僱(即開除)有何不同：,終止與解僱,4,終止與解僱,4
2430,規定(雇主須預告始得終止勞動契約)之情事，雇主得資遣勞工，,終止與解僱,4,終止與解僱,4
2431,並給予預告期間或預告工資，資遣後須發給勞工資遣費，勞工可依此申請失業給付。,終止與解僱,4,終止與解僱,4
2433,規定(雇主無須預告即得終止勞動契約)之情事，公司得予開除，惟依,終止與解僱,4,終止與解僱,4
2435,終止契約之勞工，無法領取資遣費，且不具請領失業給付資格。,終止與解僱,4,終止與解僱,4
2441,勞動契約或工作規則，情節重大者」（有何違反勞動契約或工作規則的情事，以及是否情節,終止與解僱,4,契約與聘僱關係,2
2443,※由於雇主單方終止勞動契約，特別是雇主解僱(不需預告而逕行終止），對於勞工的生計影,終止與解僱,4,終止與解僱,4
2446,若雙方對於終止勞動契約事由之認知存有歧異，可依下列途徑尋求協助：,終止與解僱,4,終止與解僱,4
2450,Q：資遣通報中的資遣原因項目，員工不尊重老闆該以何項目資遣？,終止與解僱,4,終止與解僱,4
2451,A：雇主欲資遣勞工，需有勞基法,終止與解僱,4,終止與解僱,4
2461,規定與勞工終止勞,終止與解僱,4,終止與解僱,4
2462,動契約，無須給付資遣費，但雇主應自知悉其情形之日起，30日內解雇勞工。,終止與解僱,4,終止與解僱,4
2464,Q：勞動基準法與職業安全衛生法對於職業災害的界定為何不同？,職場安全與性別平等,5,職場安全與性別平等,5
2474,2.至職業安全衛生法(下稱職安法),職場安全與性別平等,5,職場安全與性別平等,5
2613,A：依現行職業安全衛生法,職場安全與性別平等,5,職場安全與性別平等,5
2647,第1項規定參照）；勞工單方向雇主表明終止勞動契約，並附期限者，於期限屆至時，即發,終止與解僱,4,終止與解僱,4
2648,生終止契約之效力（民法,終止與解僱,4,終止與解僱,4
2665,3.如勞工不願意接受調動，雇主應否發給資遣費，須視勞工所提之理由及有無符合上述相關,終止與解僱,4,終止與解僱,4
2672,規定期間預告終止勞動契約，並應依,終止與解僱,4,終止與解僱,4
2673,規定發給勞工資遣費。其餘留,終止與解僱,4,終止與解僱,4
2677,留用或不同意留用勞工之退休金後，得支付資遣費；所餘款項應自公司勞工退休準備金監,終止與解僱,4,終止與解僱,4
2680,備金，於支付未留用或不同意留用勞工之退休金後，得支付資遣費；所餘款項，應按隨同,終止與解僱,4,終止與解僱,4
2691,用之勞工，因個人因素不願留任時，不得請求雇主給予資遣費。留用勞工於併購前在消滅,終止與解僱,4,終止與解僱,4
1,法規名稱：大量解僱勞工訴訟及必要生活費用補助辦法,終止與解僱,4,終止與解僱,4
1,法規名稱：工作場所性騷擾防治措施準則,職場安全與性別平等,5,職場安全與性別平等,5
77,資料，除有調查之必要或基於公共安全之考量者外，應予保密。,職場安全與性別平等,5,職場安全與性別平等,5
1,法規名稱：事業單位僱用女性勞工夜間工作場所必要之安全衛生設施標準,職場安全與性別平等,5,職場安全與性別平等,5
6,雇主對於工作場所之通道、地板、階梯等，應保持不致使勞工跌倒、滑倒、踩傷等之安全狀態，,職場安全與性別平等,5,職場安全與性別平等,5
9,雇主於工作場所設置之安全門及安全梯，夜間工作時間內不得上鎖，其通道不得堆置物品。,職場安全與性別平等,5,職場安全與性別平等,5
11,雇主對於工作場所之出入口、樓梯、通道、安全門、安全梯、廁所及停車場等夜間工作可能前往,職場安全與性別平等,5,職場安全與性別平等,5
16,雇主對於工作場所主要人行道及有關安全門、安全梯，應有夜間足以辨識之明顯標示。,職場安全與性別平等,5,職場安全與性別平等,5
20,雇主應於工作場所提供保全、守衛或電子監視裝備等必要之安全措施及設備。,職場安全與性別平等,5,職場安全與性別平等,5
23,危害因素及制定防護措施，並對勞工施以安全衛生教育及訓練。必要時，應提供個人防護設施。,職場安全與性別平等,5,職場安全與性別平等,5
1,法規名稱：工會財務處理準則,其他,1,其他,1
1,法規名稱：勞動基準法第四十五條無礙身心健康認定基準及審查辦法,職場安全與性別平等,5,職場安全與性別平等,5
14,三、水中作業、水面作業及無安全防護措施之岸邊作業。,職場安全與性別平等,5,職場安全與性別平等,5
15,四、光線及噪音影響身心健康之作業環境。,職場安全與性別平等,5,職場安全與性別平等,5
19,八、職業安全衛生法、兒童及少年福利與權益保障法及其他法令所禁止從事之工作。,職場安全與性別平等,5,職場安全與性別平等,5
20,九、其他經主管機關認定有礙身心健康之工作。,職場安全與性別平等,5,職場安全與性別平等,5
38,1   雇主或受領勞務者，應對符合勞工保險條例、勞工職業災害保險及保護法、全民健康保險法所定,職場安全與性別平等,5,職場安全與性別平等,5
49,四、勞工保險、勞工職業災害保險或商業保險投保計畫書及全民健康保險卡之影本。,職場安全與性別平等,5,職場安全與性別平等,5
80,為工作者之權益及健康福祉，主管機關得定期、不定期實施勞動檢查；教育主管機關得就從事勞,職場安全與性別平等,5,職場安全與性別平等,5
1,法規名稱：勞資爭議調解辦法,其他,1,其他,1
119,二、代表人。,其他,1,其他,1
1,法規名稱：勞動基準法檢舉案件保密及處理辦法,其他,1,其他,1
1,法規名稱：工會會員大會或會員代表大會委託出席辦法,其他,1,其他,1
1,法規名稱：不當勞動行為裁決辦法,其他,1,其他,1
189,2   因試行和解，裁決委員得命當事人、代表人或代理人到場。,其他,1,其他,1
1,法規名稱：最低工資法（112.12.27 制定）,薪資,6,薪資,6
1,法規名稱：勞資爭議法律及生活費用扶助辦法,其他,1,終止與解僱,4
38,因雇主違反職業安全衛生法致勞工發生職業災害，經提起刑事告訴且非屬有資力者，勞工或得為,職場安全與性別平等,5,職場安全與性別平等,5
1,法規名稱：地方主管機關受理工作場所性騷擾事件申訴處理辦法,職場安全與性別平等,5,職場安全與性別平等,5
65,基於公共安全之考量者外，應予保密。,職場安全與性別平等,5,職場安全與性別平等,5
1,法規名稱：勞資爭議仲裁辦法,其他,1,其他,1
22,（三）非法人之團體設有代表人或管理人者。,其他,1,其他,1
178,一、當事人姓名、住所或居所；如為法人、雇主團體或工會，其名稱、代表人及主事務所或主營,其他,1,其他,1
1,法規名稱：不當勞動行為裁決委員案件審理給付報酬標準,其他,1,其他,1
1,法規名稱：勞動部對受嚴重特殊傳染性肺炎影響勞工紓困辦法,其他,1,其他,1
1,法規名稱：勞動部積欠工資墊償基金管理委員會組織規程,其他,1,其他,1
1,法規名稱：工會法,其他,1,其他,1
21,三、勞動條件、勞工安全衛生及會員福利事項之促進。,職場安全與性別平等,5,職場安全與性別平等,5
274,由中央主管機關處雇主新臺幣十萬元以上五十萬元以下罰鍰，並公布其名稱、代表人姓名、處分,其他,1,其他,1
1,法規名稱：人力供應業個人資料檔案安全維護計畫及處理辦法,職場安全與性別平等,5,職場安全與性別平等,5
9,1   人力供應業者為落實個人資料檔案之安全維護及管理，應訂定個人資料檔案安全維護計畫（以下,職場安全與性別平等,5,職場安全與性別平等,5
20,1   人力供應業者就個人資料檔案安全維護管理，應指定專人或建立專責組織負責，並配置相當資,職場安全與性別平等,5,職場安全與性別平等,5
29,二、於特定目的範圍內，蒐集、處理及利用個人資料之合理安全方法。,職場安全與性別平等,5,職場安全與性別平等,5
30,三、保護所蒐集、處理、利用之個人資料檔案之合理安全水準技術。,職場安全與性別平等,5,職場安全與性別平等,5
34,七、確保個人資料檔案之安全，維持運作本計畫之機制。,職場安全與性別平等,5,職場安全與性別平等,5
72,二、確認受託者採取必要安全措施。,職場安全與性別平等,5,職場安全與性別平等,5
117,人力供應業者蒐集、處理或利用個人資料，就資料安全管理，應採取下列措施：,職場安全與性別平等,5,職場安全與性別平等,5
129,人力供應業者就設備安全管理，應採取下列措施：,職場安全與性別平等,5,職場安全與性別平等,5
150,十三、處理個人資料之資訊系統有變更時，確認其安全性並未降低。,職場安全與性別平等,5,職場安全與性別平等,5
1,法規名稱：勞動基準法,契約與聘僱關係,2,其他,1
49,雇主對於僱用之勞工，應預防職業上災害，建立適當之工作環境及福利設施。其有關安全衛生及,職場安全與性別平等,5,職場安全與性別平等,5
105,三、契約所訂之工作，對於勞工健康有危害之虞，經通知雇主改善而無效果者。,職場安全與性別平等,5,職場安全與性別平等,5
107,其健康者。,職場安全與性別平等,5,職場安全與性別平等,5
243,提供必要之安全衛生設施。,職場安全與性別平等,5,職場安全與性別平等,5
300,1   勞工在同一雇主或事業單位，繼續工作滿一定期間者，應依下列規定給予特別休假：,假別,0,假別,0
307,2   前項之特別休假期日，由勞工排定之。但雇主基於企業經營上之急迫需求或勞工因個人因素，得,假別,0,假別,0
309,3   雇主應於勞工符合第一項所定之特別休假條件時，告知勞工依前二項規定排定特別休假。,假別,0,假別,0
310,4   勞工之特別休假，因年度終結或契約終止而未休之日數，雇主應發給工資。但年度終結未休之日,假別,0,假別,0
313,5   雇主應將勞工每年特別休假之期日及未休之日數所發給之工資數額，記載於第二十三條所定之勞,假別,0,假別,0
317,第三十六條所定之例假、休息日、第三十七條所定之休假及第三十八條所定之特別休假，工資應,假別,0,假別,0
325,公用事業之勞工，當地主管機關認有必要時，得停止第三十八條所定之特別休假。假期內之工資,假別,0,假別,0
328,勞工因健康或其他正當理由，不能接受正常工作時間以外之工作者，雇主不得強制其工作。,職場安全與性別平等,5,職場安全與性別平等,5
330,勞工因婚、喪、疾病或其他正當事由得請假；請假應給之假期及事假以外期間內工資給付之最低,假別,0,假別,0
338,礙其身心健康而許可者，不在此限。,職場安全與性別平等,5,職場安全與性別平等,5
340,3   第一項工作性質及環境無礙其身心健康之認定基準、審查程序及其他應遵行事項之辦法，由中央,職場安全與性別平等,5,職場安全與性別平等,5
353,一、提供必要之安全衛生設施。,職場安全與性別平等,5,職場安全與性別平等,5
355,2   前項第一款所稱必要之安全衛生設施，其標準由中央主管機關定之。但雇主與勞工約定之安全衛,職場安全與性別平等,5,職場安全與性別平等,5
357,3   女工因健康或其他正當理由，不能於午後十時至翌晨六時之時間內工作者，雇主不得強制其工,職場安全與性別平等,5,職場安全與性別平等,5
406,會中勞工代表人數不得少於三分之二；其組織準則，由中央主管機關定之。,其他,1,其他,1
411,8   金融機構依前項取得之資料，應負保密義務，並確實辦理資料安全稽核作業。,職場安全與性別平等,5,職場安全與性別平等,5
457,2   事業單位違背職業安全衛生法有關對於承攬人、再承攬人應負責任之規定，致承攬人或再承攬人,職場安全與性別平等,5,職場安全與性別平等,5
464,3   要派單位及派遣事業單位因違反本法或有關安全衛生規定，致派遣勞工發生職業災害時，應連帶,職場安全與性別平等,5,職場安全與性別平等,5
494,一、工作時間、休息、休假、國定紀念日、特別休假及繼續性工作之輪班方法。,假別,0,假別,0
503,十、勞雇雙方應遵守勞工安全衛生規定。,職場安全與性別平等,5,職場安全與性別平等,5
548,三、違反中央主管機關依第四十三條所定假期或事假以外期間內工資給付之最低標準。,假別,0,假別,0
566,1   法人之代表人、法人或自然人之代理人、受僱人或其他從業人員，因執行業務違反本法規定，除,其他,1,其他,1
569,2   法人之代表人或自然人教唆或縱容為違反之行為者，以行為人論。,其他,1,其他,1
586,2   前項約定應以書面為之，並應參考本法所定之基準且不得損及勞工之健康及福祉。,職場安全與性別平等,5,職場安全與性別平等,5
1,法規名稱：工會法施行細則,其他,1,其他,1
1,法規名稱：勞動基準法施行細則,契約與聘僱關係,2,其他,1
13,六、依性別平等工作法請生理假、產假、家庭照顧假或安胎休養，致減少工資者。,假別,0,假別,0
42,七、安全衛生。,職場安全與性別平等,5,職場安全與性別平等,5
91,採計件工資之勞工所得基本工資，以每日工作八小時之生產額或工作量換算之。,薪資,6,薪資,6
129,一、每日工作時間超過八小時或每週工作總時數超過四十小時之部分。但依本法第三十條第二,工時,3,工時,3
142,三、從事安全警報裝置之監視工作。,職場安全與性別平等,5,職場安全與性別平等,5
169,1   勞工於符合本法第三十八條第一項所定之特別休假條件時，取得特別休假之權利；其計算特別休,假別,0,假別,0
171,2   依本法第三十八條第一項規定給予之特別休假日數，勞工得於勞雇雙方協商之下列期間內，行使,假別,0,假別,0
172,特別休假權利：,假別,0,假別,0
173,一、以勞工受僱當日起算，每一週年之期間。但其工作六個月以上一年未滿者，為取得特別休假,假別,0,假別,0
177,3   雇主依本法第三十八條第三項規定告知勞工排定特別休假，應於勞工符合特別休假條件之日起三,假別,0,假別,0
183,（一）按勞工未休畢之特別休假日數，乘以其一日工資計發。,假別,0,假別,0
184,（二）前目所定一日工資，為勞工之特別休假於年度終結或契約終止前一日之正常工作時間所得,假別,0,假別,0
187,（三）勞雇雙方依本法第三十八條第四項但書規定協商遞延至次一年度實施者，按原特別休假年,假別,0,假別,0
193,年度請休特別休假時，優先扣除。,假別,0,假別,0
199,本法第三十九條所定休假日，為本法第三十七條所定休假及第三十八條所定特別休假。,假別,0,假別,0
202,本法第四十四條第二項所定危險性或有害性之工作，依職業安全衛生有關法令之規定。,職場安全與性別平等,5,職場安全與性別平等,5
294,休息、休假、安全衛生、福利、加班費等而言。,職場安全與性別平等,5,職場安全與性別平等,5
1,法規名稱：團體協約法,其他,1,其他,1
73,六、申訴制度、促進勞資合作、升遷、獎懲、教育訓練、安全衛生、企業福利及其他關於勞資共,職場安全與性別平等,5,職場安全與性別平等,5
1,法規名稱：勞資爭議處理法,其他,1,其他,1
262,一、當事人姓名、住所或居所；如為法人、雇主團體或工會，其名稱、代表人及主事務所或主營,其他,1,其他,1
316,3   下列影響大眾生命安全、國家安全或重大公共利益之事業，勞資雙方應約定必要服務條款，工會,職場安全與性別平等,5,職場安全與性別平等,5
336,爭議行為期間，爭議當事人雙方應維持工作場所安全及衛生設備之正常運轉。,職場安全與性別平等,5,職場安全與性別平等,5
1,法規名稱：積欠工資墊償基金提繳及墊償管理辦法,其他,1,其他,1
1,法規名稱：勞工請假規則,假別,0,假別,0
6,勞工結婚者給予婚假八日，工資照給。,假別,0,假別,0
8,勞工喪假依左列規定：,假別,0,假別,0
9,一、父母、養父母、繼父母、配偶喪亡者，給予喪假八日，工資照給。,假別,0,假別,0
10,二、祖父母、子女、配偶之父母、配偶之養父母或繼父母喪亡者，給予喪假六日，工資照給。,假別,0,假別,0
11,三、曾祖父母、兄弟姊妹、配偶之祖父母喪亡者，給予喪假三日，工資照給。,假別,0,假別,0
22,勞工普通傷病假超過前條第一項規定之期限，經以事假或特別休假抵充後仍未痊癒者，得予留職,假別,0,假別,0
31,雇主不得因勞工請婚假、喪假、公傷病假及公假，扣發全勤獎金；勞工因妊娠未滿三個月流產未,假別,0,假別,0
1,法規名稱：勞資會議實施辦法,其他,1,其他,1
11,1   勞資會議由勞資雙方同數代表組成，其代表人數視事業單位人數多寡各為二人至十五人。但事業,其他,1,其他,1
49,4   前項勞方候補代表不足遞補時，應補選之。但資方代表人數調減至與勞方代表人數同額者，不在,其他,1,其他,1
97,3   前項勞資會議未出席代表，不列入第一項出席及決議代表人數之計算。,其他,1,其他,1
1,法規名稱：勞工教育實施辦法,其他,1,其他,1
1,法規名稱：性別平等工作法,職場安全與性別平等,5,職場安全與性別平等,5
92,二、法人、合夥、設有代表人或管理人之非法人團體及其他組織之對外代表人或與該等職務相當,其他,1,其他,1
130,1   女性受僱者因生理日致工作有困難者，每月得請生理假一日，全年請假日數未逾三日，不併入病,假別,0,假別,0
132,2   前項併入及不併入病假之生理假薪資，減半發給。,假別,0,假別,0
1,法規名稱：勞動契約法,契約與聘僱關係,2,契約與聘僱關係,2
39,勞動者應依僱方或其代理人之指示，為勞動之給付。但指示有違法、不道德或過於有害健康者，,職場安全與性別平等,5,職場安全與性別平等,5
151,四、契約所定之勞動，對於勞動者之健康有不能預見之危險時。,職場安全與性別平等,5,職場安全與性別平等,5
1,法規名稱：性別平等工作法施行細則,職場安全與性別平等,5,職場安全與性別平等,5
1,法規名稱：大量解僱勞工保護法,終止與解僱,4,終止與解僱,4
75,二、積欠勞工保險保險費、工資墊償基金、全民健康保險保險費或未依法提繳勞工退休金達二個,職場安全與性別平等,5,終止與解僱,4
82,二、第二款為勞動部勞工保險局、衛生福利部中央健康保險署。,職場安全與性別平等,5,職場安全與性別平等,5
89,期令其清償；屆期未清償者，中央主管機關得函請入出國管理機關禁止其代表人及實際負責人出,其他,1,其他,1
1,法規名稱：性別平等工作申訴審議處理辦法,職場安全與性別平等,5,職場安全與性別平等,5
26,代表人之團體，其名稱、事務所或營業所，管理人或代表人之姓名、住所或居所、聯絡電,其他,1,其他,1
1,法規名稱：大量解僱勞工時勞動市場變動趨勢評估委員會組織辦法,終止與解僱,4,終止與解僱,4
1,法規名稱：性別平等工作法律扶助辦法,職場安全與性別平等,5,職場安全與性別平等,5
52,一些問題會探討員工在國定假日加班，或是在特別休假中請病假、事假等情況下，工資是否應該按照加班工資計算，並同時扣減年假或病假。這要求我參考不同條例並結合實際操作細節來回答。,假別,0,假別,0
164,休假：我可以判斷合約中是否規定了適當的休假權利，如國定假日、例假、特別休假等，並確保這些休假符合《勞基法》中的法定休假條款​。,假別,0,假別,0
170,不正當解雇條款：我可以檢查是否存在違反《勞基法》,終止與解僱,4,終止與解僱,4
171,所規定的解雇條款，例如不正當的即時解雇​。,終止與解僱,4,終止與解僱,4
193,例子：當你提供勞動合約的部分內容，我能根據合約中的工時、工資和解雇條款進行初步檢查。,終止與解僱,4,終止與解僱,4
198,實務問題解答：我能解釋如何根據《勞基法》處理勞資爭議、調解程序、以及如何合法解雇勞工等實務問題​。,終止與解僱,4,終止與解僱,4
199,例子：當你詢問如何合法解雇一名員工或如何處理勞資調解會議，我可以給出相應的建議和程序。,終止與解僱,4,終止與解僱,4
293,內容：勞動部網站是台灣勞動法規和政策的主要發布平台，涵蓋勞動法規、政策公告、勞資爭議解決方案等。網站包括專門針對不同主題的專區，如工資、工時、退休金、職業安全衛生等。勞動部也會發布最新的法規解釋、函釋和政策公告。,職場安全與性別平等,5,職場安全與性別平等,5
297,內容：該系統是專門針對勞動法令設立的查詢平台。它收錄了所有勞動部相關的法規，包括勞動基準、退休金、職業安全衛生、外籍勞工管理等法規。勞動部的修訂公告和最新的政策也會在此發布。,職場安全與性別平等,5,職場安全與性別平等,5
307,"6. 職業安全衛生署（Occupational Safety and Health Administration, OSHA）",職場安全與性別平等,5,職場安全與性別平等,5
309,內容：專注於職業安全衛生相關法規，這裡會公告有關工業安全、職業病防治、職災補償等內容的最新修訂，並提供各種操作指南、標準和指導手冊。,職場安全與性別平等,5,職場安全與性別平等,5
16,·特別休假日由勞工排定，未休畢應折算工資,假別,0,假別,0
34,·特別休假或休假日加班工作，工資應加倍發給,假別,0,假別,0
557,勞工保險費、全民健康保險費、職工福利金、,職場安全與性別平等,5,職場安全與性別平等,5
184,於勞工健康有危害之虞，經通知雇主改善而無效果者。四、雇主、雇主代理人,職場安全與性別平等,5,職場安全與性別平等,5
126,本法所定雇主延長勞工工作之時間如下：一、每日工作時間超過八小時或每週,工時,3,工時,3
274,作。前項約定應以書面為之，並應參考本法所定之基準且不得損及勞工之健康,職場安全與性別平等,5,職場安全與性別平等,5
371,勞工因為連續工作而損及健康，因此勞動基準法規定，凡繼續工作4小時就要,職場安全與性別平等,5,職場安全與性別平等,5
372,給勞工連續30分鐘的休息，使勞工的身心健康能有適當的調適。但如果勞工,職場安全與性別平等,5,職場安全與性別平等,5
405,勞工因健康或其他正當理由，不能接受正常工作時間以外之工作者，雇主,職場安全與性別平等,5,職場安全與性別平等,5
409,勞工因為健康或有其他正當事由，,職場安全與性別平等,5,職場安全與性別平等,5
141,(三)全民健康保險法,職場安全與性別平等,5,職場安全與性別平等,5
326,要的是，如果勞工申請的是生理假、產假、產檢假、陪產假、安胎假休養請,假別,0,假別,0
353,女性受僱者因生理日致工作有困難者，每月得請生理假一日，全年請假日數未,假別,0,假別,0
355,生理假薪資，減半發給。,假別,0,假別,0
337,還在讀國中，雖然知道確實有家計上的需要，可是這樣不會影響健康發育嗎？,職場安全與性別平等,5,職場安全與性別平等,5
357,公司的生理假是併入病假計算，所以我們公司請假系統的假別也沒有生理假這個選,假別,0,假別,0
359,年度的病假申請天數所影響，結果大家還是不大敢申請?所以生理假到底是不是病,假別,0,假別,0
1026,於勞工健康有危害之虞，經通知雇主改善而無效果者。四、雇主、雇主代理人,職場安全與性別平等,5,職場安全與性別平等,5
1258,(三)全民健康保險法,職場安全與性別平等,5,職場安全與性別平等,5
1503,，雇主都不能因為勞工申請生理假、產假、陪產假、安胎假、家庭照顧假等,假別,0,假別,0
1506,生理假,假別,0,假別,0
1624,平等法請生理假、產假、家庭照顧假或安胎休養，致減少工資者。七、留職停,假別,0,假別,0
1694,要的是，如果勞工申請的是生理假、產假、產檢假、陪產假、安胎假休養請,假別,0,假別,0
1721,女性受僱者因生理日致工作有困難者，每月得請生理假一日，全年請假日數未,假別,0,假別,0
1723,生理假薪資，減半發給。,假別,0,假別,0
1888,"但月薪制勞工工資不得低於每月24,000元，是指勞工每日工作時間以8",薪資,6,薪資,6
1942,本法所定雇主延長勞工工作之時間如下：一、每日工作時間超過八小時或每週,工時,3,工時,3
2090,作。前項約定應以書面為之，並應參考本法所定之基準且不得損及勞工之健康,職場安全與性別平等,5,職場安全與性別平等,5
2474,勞工因為連續工作而損及健康，因此勞動基準法規定，凡繼續工作4小時就要,職場安全與性別平等,5,職場安全與性別平等,5
2475,給勞工連續30分鐘的休息，使勞工的身心健康能有適當的調適。但如果勞工,職場安全與性別平等,5,職場安全與性別平等,5
2728,勞工因健康或其他正當理由，不能接受正常工作時間以外之工作者，雇主,職場安全與性別平等,5,職場安全與性別平等,5
2732,勞工因為健康或有其他正當事由，,職場安全與性別平等,5,職場安全與性別平等,5
2796,時間，並採取健康管理措施。,職場安全與性別平等,5,職場安全與性別平等,5
2800,實有家計上的需要，可是這樣不會影響健康發育嗎？,職場安全與性別平等,5,職場安全與性別平等,5
2804,非符合國民中學畢業，或經主管機關核定該工作性質及環境無礙身心健康才,職場安全與性別平等,5,職場安全與性別平等,5
2807,無礙身心健康認定基準及審查辦法」規,職場安全與性別平等,5,職場安全與性別平等,5
2819,工作性質及環境無礙其身心健康而許可者，不在此限。前項受僱之人，準用童,職場安全與性別平等,5,職場安全與性別平等,5
2820,工保護之規定。第一項工作性質及環境無礙其身心健康之認定基準、審查程序,職場安全與性別平等,5,職場安全與性別平等,5
2824,無礙身心健康認定基準及審查辦法。,職場安全與性別平等,5,職場安全與性別平等,5
2840,作環境與性質無礙身心健康發展，並獲得許可才可以。,職場安全與性別平等,5,職場安全與性別平等,5
2843,無礙身心健康認定基準及審查辦法,職場安全與性別平等,5,職場安全與性別平等,5
2846,工作性質及環境無礙其身心健康而許可者，不在此限。前項受僱之人，準用童,職場安全與性別平等,5,職場安全與性別平等,5
2847,工保護之規定。第一項工作性質及環境無礙其身心健康之認定基準、審查程序,職場安全與性別平等,5,職場安全與性別平等,5
2890,，雇主於得知女性勞工妊娠之日起至分娩後1年之期間，對於從事母性健康危,職場安全與性別平等,5,職場安全與性別平等,5
2892,估建議，採取工作調整或更換等健康保護措施。,職場安全與性別平等,5,職場安全與性別平等,5
2911,四、處理或暴露於弓形蟲、德國麻疹等影響胎兒健康之工作。,職場安全與性別平等,5,職場安全與性別平等,5
3079,公司的生理假是併入病假計算，所以我們公司請假系統,假別,0,假別,0
3080,的假別也沒有生理假這個選項，雖然公司表面上允許我,假別,0,假別,0
3083,所以生理假到底是不是病假?公司這樣的做法讓我們不大,假別,0,假別,0
3087,依性別工作平等法之立法理由，生理假是因女性生理上之特殊性，故明,假別,0,假別,0
3088,定之。但為免假日太多，影響企業之營運，乃將生理假併入病假日數計算，,假別,0,假別,0
3089,其薪資亦依各該病假規定辦理。所以生理假並非病假，只是基於其他考量，,假別,0,假別,0
3090,日數併同病假計算，全年未逾3日之生理假不併入病假計算，且勞工毋庸提出,假別,0,假別,0
3092,議。也因為生理假雇主不得視為缺勤，因此當勞工申請生理假時，雇主不能,假別,0,假別,0
3096,女性受僱者因生理日致工作有困難者，每月得請生理假一日，全年請假日數未,假別,0,假別,0
3098,生理假薪資，減半發給。,假別,0,假別,0
4041,勞資會議由勞資雙方同數代表組成，其代表人數視事業單位人數多寡各為二人,其他,1,其他,1
1,法規名稱：勞動基準法,契約與聘僱關係,2,其他,1
406,會中勞工代表人數不得少於三分之二；其組織準則，由中央主管機關定之。,其他,1,其他,1
566,1   法人之代表人、法人或自然人之代理人、受僱人或其他從業人員，因執行業務違反本法規定，除,其他,1,其他,1
569,2   法人之代表人或自然人教唆或縱容為違反之行為者，以行為人論。,其他,1,其他,1
1,法規名稱：勞動基準法施行細則,契約與聘僱關係,2,其他,1
13,六、依性別平等工作法請生理假、產假、家庭照顧假或安胎休養，致減少工資者。,假別,0,假別,0
91,採計件工資之勞工所得基本工資，以每日工作八小時之生產額或工作量換算之。,薪資,6,薪資,6
129,一、每日工作時間超過八小時或每週工作總時數超過四十小時之部分。但依本法第三十條第二,工時,3,工時,3
1,法規名稱：勞動基準法檢舉案件保密及處理辦法,其他,1,其他,1
1,法規名稱：勞動檢查法,其他,1,其他,1
173,2   法人之代表人、法人或自然人之代理人、受僱人或其他從業人員，因執行業務犯前項之罪者，除,其他,1,其他,1
1,法規名稱：勞動檢查法,其他,1,其他,1
173,2   法人之代表人、法人或自然人之代理人、受僱人或其他從業人員，因執行業務犯前項之罪者，除,其他,1,其他,1
1,法規名稱：勞工退休金條例,薪資,6,薪資,6
342,1   雇主未依本條例規定繳納退休金或滯納金，且無財產可供執行或其財產不足清償者，由其代表人,其他,1,其他,1
344,2   前項代表人或負責人經勞保局限期令其繳納，屆期未繳納者，依法移送行政執行。,其他,1,其他,1
1,法規名稱：就業保險法,薪資,6,其他,1
1,法規名稱：就業服務法,契約與聘僱關係,2,其他,1
130,1   女性受僱者因生理日致工作有困難者，每月得請生理假一日，全年請假日數未逾三日，不併入病,假別,0,假別,0
132,2   前項併入及不併入病假之生理假薪資，減半發給。,假別,0,假別,0
142,1   在高溫場所工作之勞工，雇主不得使其每日工作時間超過六小時；異常氣壓作業、高架作業、精,工時,3,工時,3
